,Adj Close,Adj Close,Adj Close,Close,Close,Close,High,High,High,Low,Low,Low,Open,Open,Open,Volume,Volume,Volume
,AAPL,AFTM,ATUS,AAPL,AFTM,ATUS,AAPL,AFTM,ATUS,AAPL,AFTM,ATUS,AAPL,AFTM,ATUS,AAPL,AFTM,ATUS
Date,,,,,,,,,,,,,,,,,,
2019-01-02,37.89332962036133,0.01899999938905239,17.1200008392334,39.47999954223633,0.01899999938905239,17.1200008392334,39.712501525878906,0.01899999938905239,17.350000381469727,38.557498931884766,0.01899999938905239,16.209999084472656,38.72249984741211,0.01899999938905239,16.209999084472656,148158800,20000,3672800
2019-01-03,34.118873596191406,0.01899999938905239,17.1200008392334,35.54750061035156,0.01899999938905239,17.1200008392334,36.43000030517578,0.01899999938905239,17.5049991607666,35.5,0.017000000923871994,16.71500015258789,35.994998931884766,0.017000000923871994,16.950000762939453,365248800,68000,4104100
2019-01-04,35.57539367675781,0.01899999938905239,17.40999984741211,37.064998626708984,0.01899999938905239,17.40999984741211,37.13750076293945,0.01899999938905239,17.850000381469727,35.95000076293945,0.01899999938905239,17.19499969482422,36.13249969482422,0.01899999938905239,17.440000534057617,234428400,0,6608500
2019-01-07,35.49620056152344,0.01899999938905239,17.90999984741211,36.98249816894531,0.01899999938905239,17.90999984741211,37.20750045776367,0.01899999938905239,18.100000381469727,36.474998474121094,0.01899999938905239,17.309999465942383,37.17499923706055,0.01899999938905239,17.530000686645508,219111200,0,3768200
2019-01-08,36.17287063598633,0.01899999938905239,18.040000915527344,37.6875,0.01899999938905239,18.040000915527344,37.95500183105469,0.01899999938905239,18.385000228881836,37.130001068115234,0.01899999938905239,17.920000076293945,37.38999938964844,0.01899999938905239,18.200000762939453,164101200,0,4775400
2019-01-09,36.78715133666992,0.01850000023841858,18.31999969482422,38.32749938964844,0.01850000023841858,18.31999969482422,38.63249969482422,0.019999999552965164,18.475000381469727,37.407501220703125,0.017999999225139618,18.049999237060547,37.8224983215332,0.019999999552965164,18.059999465942383,180396400,174000,2292200
2019-01-10,36.90472412109375,0.017999999225139618,17.75,38.45000076293945,0.017999999225139618,17.75,38.49250030517578,0.017999999225139618,18.170000076293945,37.71500015258789,0.017999999225139618,17.719999313354492,38.125,0.017999999225139618,18.139999389648438,143122800,20000,4515600
2019-01-11,36.54239273071289,0.019999999552965164,17.670000076293945,38.0724983215332,0.019999999552965164,17.670000076293945,38.42499923706055,0.019999999552965164,17.889999389648438,37.877498626708984,0.017999999225139618,17.530000686645508,38.220001220703125,0.017999999225139618,17.56999969482422,108092800,104838,2811400
2019-01-14,35.992919921875,0.019999999552965164,17.239999771118164,37.5,0.019999999552965164,17.239999771118164,37.817501068115234,0.019999999552965164,17.780000686645508,37.30500030517578,0.019999999552965164,17.100000381469727,37.712501525878906,0.019999999552965164,17.760000228881836,129756800,0,2606300
2019-01-15,36.729557037353516,0.019999999552965164,17.40999984741211,38.26750183105469,0.019999999552965164,17.40999984741211,38.34749984741211,0.02500000037252903,17.559999465942383,37.51250076293945,0.019999999552965164,17.1299991607666,37.567501068115234,0.019999999552965164,17.15999984741211,114843600,280500,2861100
2019-01-16,37.17826843261719,0.01899999938905239,18.049999237060547,38.73500061035156,0.01899999938905239,18.049999237060547,38.970001220703125,0.01899999938905239,18.059999465942383,38.25,0.01899999938905239,17.469999313354492,38.27000045776367,0.01899999938905239,17.65999984741211,122278800,35008,8211500
2019-01-17,37.3990364074707,0.019999999552965164,18.549999237060547,38.96500015258789,0.019999999552965164,18.549999237060547,39.415000915527344,0.019999999552965164,18.639999389648438,38.314998626708984,0.01899999938905239,17.950000762939453,38.54999923706055,0.019999999552965164,17.950000762939453,119284800,101000,7708000
2019-01-18,37.62937927246094,0.019999999552965164,19.06999969482422,39.20500183105469,0.019999999552965164,19.06999969482422,39.470001220703125,0.019999999552965164,19.06999969482422,38.994998931884766,0.019999999552965164,18.479999542236328,39.375,0.019999999552965164,18.65999984741211,135004000,50000,9803100
2019-01-22,36.784759521484375,0.028049999848008156,18.729999542236328,38.32500076293945,0.028049999848008156,18.729999542236328,39.182498931884766,0.032999999821186066,19.100000381469727,38.154998779296875,0.022199999541044235,18.65999984741211,39.102500915527344,0.03150000050663948,18.950000762939453,121576000,2784541,7142000
2019-01-23,36.93353271484375,0.027000000700354576,18.670000076293945,38.47999954223633,0.027000000700354576,18.670000076293945,38.78499984741211,0.03400000184774399,19.18000030517578,37.92499923706055,0.027000000700354576,18.520000457763672,38.537498474121094,0.03400000184774399,18.93000030517578,92522400,956135,3927800
2019-01-24,36.640777587890625,0.026000000536441803,18.90999984741211,38.17499923706055,0.026000000536441803,18.90999984741211,38.619998931884766,0.029999999329447746,18.979999542236328,37.935001373291016,0.02500000037252903,18.479999542236328,38.52750015258789,0.029999999329447746,18.690000534057617,101766000,398823,6465300
2019-01-25,37.85493469238281,0.024000000208616257,19.100000381469727,39.439998626708984,0.024000000208616257,19.100000381469727,39.532501220703125,0.026000000536441803,19.25,38.58000183105469,0.019999999552965164,18.829999923706055,38.869998931884766,0.02500000037252903,19.0,134142000,648400,6583400
2019-01-28,37.50461959838867,0.019999999552965164,19.139999389648438,39.07500076293945,0.019999999552965164,19.139999389648438,39.08250045776367,0.02800000086426735,19.299999237060547,38.415000915527344,0.017000000923871994,18.81999969482422,38.9474983215332,0.02800000086426735,18.969999313354492,104768400,848325,6593900
2019-01-29,37.115882873535156,0.017999999225139618,18.610000610351562,38.66999816894531,0.017999999225139618,18.610000610351562,39.532501220703125,0.019999999552965164,19.229999542236328,38.52750015258789,0.017999999225139618,18.600000381469727,39.0625,0.019999999552965164,19.139999389648438,166348800,285412,5466500
2019-01-30,39.65218734741211,0.01850000023841858,18.700000762939453,41.3125,0.01850000023841858,18.700000762939453,41.537498474121094,0.019600000232458115,18.81999969482422,40.057498931884766,0.017999999225139618,18.479999542236328,40.8125,0.019600000232458115,18.719999313354492,244439200,338078,6063100
2019-01-31,39.93772506713867,0.016499999910593033,19.639999389648438,41.61000061035156,0.016499999910593033,19.639999389648438,42.25,0.01899999938905239,19.639999389648438,41.13999938964844,0.01600000075995922,18.969999313354492,41.52750015258789,0.017500000074505806,18.969999313354492,162958400,253787,10038700
2019-02-01,39.95692825317383,0.017999999225139618,19.690000534057617,41.630001068115234,0.017999999225139618,19.690000534057617,42.244998931884766,0.017999999225139618,19.78499984741211,41.48249816894531,0.01600000075995922,19.469999313354492,41.7400016784668,0.01600000075995922,19.579999923706055,130672400,120102,4573200
2019-02-04,41.091915130615234,0.017000000923871994,19.81999969482422,42.8125,0.017000000923871994,19.81999969482422,42.915000915527344,0.017999999225139618,19.93000030517578,41.81999969482422,0.01600000075995922,19.479999542236328,41.852500915527344,0.0170499999076128,19.56999969482422,125982000,156884,5952700
2019-02-05,41.79496383666992,0.019999999552965164,20.440000534057617,43.54499816894531,0.019999999552965164,20.440000534057617,43.77000045776367,0.02500000037252903,20.5,43.087501525878906,0.018200000748038292,19.84000015258789,43.21500015258789,0.018200000748038292,19.940000534057617,144406400,735652,7987700
2019-02-06,41.80936050415039,0.02199999988079071,20.700000762939453,43.560001373291016,0.02199999988079071,20.700000762939453,43.89250183105469,0.024000000208616257,20.799999237060547,43.212501525878906,0.019999999552965164,20.450000762939453,43.662498474121094,0.019999999552965164,20.5,112958400,42214,4201500
2019-02-07,41.01752853393555,0.019999999552965164,20.920000076293945,42.73500061035156,0.019999999552965164,20.920000076293945,43.48500061035156,0.02199999988079071,21.0,42.584999084472656,0.019999999552965164,20.55299949645996,43.099998474121094,0.02199999988079071,20.559999465942383,126966800,69751,5491400
2019-02-08,41.06571578979492,0.01679999940097332,20.850000381469727,42.602500915527344,0.01679999940097332,20.850000381469727,42.665000915527344,0.021050000563263893,21.094999313354492,42.10499954223633,0.01600000075995922,20.625,42.247501373291016,0.01810000091791153,20.8799991607666,95280000,171000,3909900
2019-02-11,40.829551696777344,0.016259999945759773,20.6299991607666,42.35749816894531,0.016259999945759773,20.6299991607666,42.8025016784668,0.0189800001680851,20.9950008392334,42.3125,0.016259999945759773,20.565000534057617,42.76250076293945,0.0189800001680851,20.860000610351562,83973600,6001,4934300
2019-02-12,41.18138122558594,0.01600000075995922,20.81999969482422,42.72249984741211,0.01600000075995922,20.81999969482422,42.75,0.01640000008046627,21.100000381469727,42.42499923706055,0.01600000075995922,20.725000381469727,42.525001525878906,0.01640000008046627,20.770000457763672,89134000,10700,4901800
2019-02-13,41.01028060913086,0.01899999938905239,21.200000762939453,42.54499816894531,0.01899999938905239,21.200000762939453,43.119998931884766,0.019899999722838402,21.209999084472656,42.47999954223633,0.01549999974668026,20.850000381469727,42.84749984741211,0.017000000923871994,21.0,89960800,37557,4073900
2019-02-14,41.15969467163086,0.017100000753998756,21.43000030517578,42.70000076293945,0.017100000753998756,21.43000030517578,42.814998626708984,0.02199999988079071,21.540000915527344,42.345001220703125,0.017000000923871994,21.065000534057617,42.4275016784668,0.019899999722838402,21.100000381469727,87342800,213750,3839900
2019-02-15,41.068119049072266,0.017000000923871994,21.59000015258789,42.60499954223633,0.017000000923871994,21.59000015258789,42.92499923706055,0.017100000753998756,21.809999465942383,42.4375,0.017000000923871994,21.459999084472656,42.8125,0.017100000753998756,21.540000915527344,98507200,23100,3653400
2019-02-19,41.1910285949707,0.016699999570846558,21.459999084472656,42.73249816894531,0.016699999570846558,21.459999084472656,42.86000061035156,0.016699999570846558,21.81999969482422,42.372501373291016,0.013000000268220901,21.329999923706055,42.4275016784668,0.016499999910593033,21.5,75891200,387000,6942600
2019-02-20,41.45610427856445,0.01600000075995922,21.209999084472656,43.00749969482422,0.01600000075995922,21.209999084472656,43.33000183105469,0.01600000075995922,21.676000595092773,42.747501373291016,0.01360000018030405,21.18000030517578,42.79750061035156,0.01360000018030405,21.459999084472656,104457600,89500,4770300
2019-02-21,41.222354888916016,0.014999999664723873,21.030000686645508,42.76499938964844,0.014999999664723873,21.030000686645508,43.092498779296875,0.014999999664723873,21.360000610351562,42.57500076293945,0.013000000268220901,20.854999542236328,42.95000076293945,0.013700000010430813,21.1200008392334,68998800,211400,7610700
2019-02-22,41.68263626098633,0.014949999749660492,21.600000381469727,43.24250030517578,0.014949999749660492,21.600000381469727,43.25,0.014949999749660492,22.540000915527344,42.845001220703125,0.013500000350177288,20.989999771118164,42.89500045776367,0.014600000344216824,21.940000534057617,75652800,247260,12014800
2019-02-25,41.98626708984375,0.014000000432133675,21.170000076293945,43.557498931884766,0.014000000432133675,21.170000076293945,43.967498779296875,0.01600000075995922,22.0,43.48749923706055,0.014000000432133675,21.145000457763672,43.540000915527344,0.01600000075995922,21.920000076293945,87493600,128900,4133500
2019-02-26,42.010353088378906,0.013000000268220901,21.34000015258789,43.58250045776367,0.013000000268220901,21.34000015258789,43.82500076293945,0.014000000432133675,21.5,43.29249954223633,0.010099999606609344,21.020000457763672,43.4275016784668,0.014000000432133675,21.139999389648438,68280800,647918,4199900
2019-02-27,42.14049530029297,0.019600000232458115,21.780000686645508,43.717498779296875,0.019600000232458115,21.780000686645508,43.75,0.019999999552965164,21.889999389648438,43.182498931884766,0.013000000268220901,21.260000228881836,43.3025016784668,0.013100000098347664,21.3799991607666,111341600,1245925,4656400
2019-02-28,41.72599792480469,0.014000000432133675,21.809999465942383,43.287498474121094,0.014000000432133675,21.809999465942383,43.727500915527344,0.014299999922513962,22.170000076293945,43.22999954223633,0.014000000432133675,21.65999984741211,43.58000183105469,0.014299999922513962,21.75,112861600,189850,16360000
2019-03-01,42.164588928222656,0.018799999728798866,21.510000228881836,43.74250030517578,0.018799999728798866,21.510000228881836,43.787498474121094,0.018799999728798866,21.6299991607666,43.22249984741211,0.012000000104308128,21.270000457763672,43.56999969482422,0.012000000104308128,21.479999542236328,103544800,248000,7537500
2019-03-04,42.37665557861328,0.014000000432133675,21.90999984741211,43.962501525878906,0.014000000432133675,21.90999984741211,44.4375,0.01850000023841858,21.989999771118164,43.49250030517578,0.013000000268220901,21.450000762939453,43.92250061035156,0.01679999940097332,21.65999984741211,109744800,178589,5593400
2019-03-05,42.299537658691406,0.013899999670684338,21.600000381469727,43.88249969482422,0.013899999670684338,21.600000381469727,44.0,0.014999999664723873,21.8700008392334,43.6349983215332,0.013749999925494194,21.454999923706055,43.98500061035156,0.014999999664723873,21.850000381469727,78949600,261124,2945100
2019-03-06,42.05615997314453,0.013899999670684338,21.200000762939453,43.630001068115234,0.013899999670684338,21.200000762939453,43.872501373291016,0.013899999670684338,21.6299991607666,43.48500061035156,0.013899999670684338,21.149999618530273,43.66749954223633,0.013899999670684338,21.56999969482422,83241600,0,2788900
2019-03-07,41.56936264038086,0.014000000432133675,21.6299991607666,43.125,0.014000000432133675,21.6299991607666,43.61000061035156,0.014000000432133675,21.889999389648438,43.005001068115234,0.014000000432133675,21.139999389648438,43.467498779296875,0.014000000432133675,21.149999618530273,99185600,120000,4842800
2019-03-08,41.66816711425781,0.012319999746978283,21.5,43.227500915527344,0.012319999746978283,21.5,43.26750183105469,0.014000000432133675,21.610000610351562,42.375,0.012000000104308128,21.219999313354492,42.58000183105469,0.013000000268220901,21.450000762939453,95997600,171500,2755400
2019-03-11,43.11164093017578,0.011500000022351742,21.799999237060547,44.724998474121094,0.011500000022351742,21.799999237060547,44.779998779296875,0.011500000022351742,21.8799991607666,43.837501525878906,0.010999999940395355,21.459999084472656,43.872501373291016,0.011099999770522118,21.530000686645508,128044000,217000,4049700
2019-03-12,43.59602737426758,0.010999999940395355,20.889999389648438,45.227500915527344,0.010999999940395355,20.889999389648438,45.66749954223633,0.013199999928474426,21.420000076293945,44.842498779296875,0.010200000368058681,20.889999389648438,45.0,0.010999999940395355,21.299999237060547,129870400,320000,10599100
2019-03-13,43.788814544677734,0.013000000268220901,21.200000762939453,45.4275016784668,0.013000000268220901,21.200000762939453,45.82500076293945,0.013000000268220901,21.299999237060547,45.22999954223633,0.010300000198185444,20.90999984741211,45.5625,0.010300000198185444,20.979999542236328,124130000,739664,6901000
2019-03-14,44.27559280395508,0.012000000104308128,21.6200008392334,45.932498931884766,0.012000000104308128,21.6200008392334,46.025001525878906,0.012000000104308128,21.65999984741211,45.63999938964844,0.011500000022351742,21.139999389648438,45.974998474121094,0.012000000104308128,21.25,94318000,561531,5519300
2019-03-15,44.851524353027344,0.012500000186264515,21.700000762939453,46.529998779296875,0.012500000186264515,21.700000762939453,46.83250045776367,0.013399999588727951,21.764999389648438,45.935001373291016,0.012000000104308128,21.399999618530273,46.212501525878906,0.012000000104308128,21.59000015258789,156171600,653500,5445500
2019-03-18,45.30939865112305,0.011500000022351742,21.639999389648438,47.005001068115234,0.011500000022351742,21.639999389648438,47.09749984741211,0.01549999974668026,21.739999771118164,46.4474983215332,0.011500000022351742,21.510000228881836,46.45000076293945,0.01221999991685152,21.690000534057617,104879200,250700,2183500
2019-03-19,44.950340270996094,0.010200000368058681,21.479999542236328,46.63249969482422,0.010200000368058681,21.479999542236328,47.247501373291016,0.013000000268220901,21.90999984741211,46.47999954223633,0.010200000368058681,21.469999313354492,47.087501525878906,0.012000000104308128,21.65999984741211,126585600,843518,3382900
2019-03-20,45.343135833740234,0.010499999858438969,21.729999542236328,47.040000915527344,0.010499999858438969,21.729999542236328,47.372501373291016,0.011049999855458736,21.770000457763672,46.182498931884766,0.009999999776482582,21.09000015258789,46.557498931884766,0.011049999855458736,21.440000534057617,124140800,333100,4795000
2019-03-21,47.013145446777344,0.012199999764561653,22.239999771118164,48.772499084472656,0.012199999764561653,22.239999771118164,49.08250045776367,0.013000000268220901,22.25,47.45249938964844,0.010499999858438969,21.3799991607666,47.505001068115234,0.010999999940395355,21.670000076293945,204136800,114437,3304800
2019-03-22,46.03957748413086,0.019999999552965164,21.3700008392334,47.76250076293945,0.019999999552965164,21.3700008392334,49.42250061035156,0.028999999165534973,22.229999542236328,47.69499969482422,0.009999999776482582,21.354999542236328,48.834999084472656,0.012000000104308128,22.229999542236328,169630800,2372537,3776600
2019-03-25,45.482913970947266,0.025499999523162842,20.969999313354492,47.185001373291016,0.025499999523162842,20.969999313354492,47.994998931884766,0.029999999329447746,21.479999542236328,46.650001525878906,0.019999999552965164,20.84000015258789,47.877498626708984,0.019999999552965164,21.3799991607666,175381200,320124,5022400
2019-03-26,45.01300048828125,0.023000000044703484,21.200000762939453,46.6974983215332,0.023000000044703484,21.200000762939453,48.220001220703125,0.026000000536441803,21.290000915527344,46.14500045776367,0.019999999552965164,21.030000686645508,47.915000915527344,0.025499999523162842,21.09000015258789,199202000,221781,2628400
2019-03-27,45.417850494384766,0.02160000056028366,21.3700008392334,47.11750030517578,0.02160000056028366,21.3700008392334,47.439998626708984,0.025499999523162842,21.520000457763672,46.63750076293945,0.017999999225139618,21.1299991607666,47.1875,0.025499999523162842,21.239999771118164,119393600,269136,4871600
2019-03-28,45.47809600830078,0.019999999552965164,21.260000228881836,47.18000030517578,0.019999999552965164,21.260000228881836,47.38999938964844,0.02500000037252903,21.475000381469727,46.88249969482422,0.01850000023841858,21.0,47.23749923706055,0.02500000037252903,21.40999984741211,83121600,263900,3023300
2019-03-29,45.77449035644531,0.019999999552965164,21.479999542236328,47.48749923706055,0.019999999552965164,21.479999542236328,47.52000045776367,0.023000000044703484,21.5,47.1349983215332,0.019999999552965164,21.149999618530273,47.45750045776367,0.023000000044703484,21.40999984741211,94256000,131937,4876400
2019-04-01,46.08536148071289,0.026000000536441803,22.030000686645508,47.810001373291016,0.026000000536441803,22.030000686645508,47.91999816894531,0.026000000536441803,22.139999389648438,47.095001220703125,0.019999999552965164,21.56999969482422,47.90999984741211,0.019999999552965164,21.649999618530273,111448000,441040,5054700
2019-04-02,46.75530242919922,0.026000000536441803,22.549999237060547,48.505001068115234,0.026000000536441803,22.549999237060547,48.6150016784668,0.026000000536441803,22.790000915527344,47.76250076293945,0.019999999552965164,21.950000762939453,47.772499084472656,0.019999999552965164,22.020000457763672,91062800,219310,6612500
2019-04-03,47.07579803466797,0.02500000037252903,23.1299991607666,48.837501525878906,0.02500000037252903,23.1299991607666,49.125,0.027000000700354576,23.1299991607666,48.287498474121094,0.02500000037252903,22.6200008392334,48.3125,0.027000000700354576,22.719999313354492,93087200,4350,8397900
2019-04-04,47.15773391723633,0.027000000700354576,22.65999984741211,48.92250061035156,0.027000000700354576,22.65999984741211,49.092498779296875,0.027000000700354576,23.360000610351562,48.28499984741211,0.02500000037252903,22.645000457763672,48.6974983215332,0.02500000037252903,23.18000030517578,76457200,107790,6123100
2019-04-05,47.473411560058594,0.019999999552965164,22.75,49.25,0.019999999552965164,22.75,49.275001525878906,0.024800000712275505,22.850000381469727,48.98249816894531,0.019999999552965164,22.489999771118164,49.11249923706055,0.024800000712275505,22.790000915527344,74106400,251900,6886600
2019-04-08,48.220455169677734,0.020899999886751175,22.610000610351562,50.025001525878906,0.020899999886751175,22.610000610351562,50.057498931884766,0.020899999886751175,22.799999237060547,49.084999084472656,0.019999999552965164,22.549999237060547,49.10499954223633,0.019999999552965164,22.6299991607666,103526800,33400,2471200
2019-04-09,48.07588195800781,0.017999999225139618,22.43000030517578,49.875,0.017999999225139618,22.43000030517578,50.712501525878906,0.019999999552965164,22.610000610351562,49.807498931884766,0.017999999225139618,22.389999389648438,50.08000183105469,0.019999999552965164,22.540000915527344,143072800,25500,2532800
2019-04-10,48.34577178955078,0.017999999225139618,22.850000381469727,50.154998779296875,0.017999999225139618,22.850000381469727,50.185001373291016,0.02500000037252903,22.860000610351562,49.54499816894531,0.017500000074505806,22.3799991607666,49.66999816894531,0.017500000074505806,22.450000762939453,86781200,195000,2587600
2019-04-11,47.94332504272461,0.018810000270605087,22.93000030517578,49.73749923706055,0.018810000270605087,22.93000030517578,50.25,0.019999999552965164,23.010000228881836,49.61000061035156,0.018810000270605087,22.80500030517578,50.212501525878906,0.01899999938905239,22.90999984741211,83603200,310000,2100600
2019-04-12,47.92405700683594,0.017500000074505806,23.239999771118164,49.717498779296875,0.017500000074505806,23.239999771118164,50.03499984741211,0.017500000074505806,23.31999969482422,49.0525016784668,0.017500000074505806,22.71500015258789,49.79999923706055,0.017500000074505806,23.0,111042800,5250,4524000
2019-04-15,48.01081085205078,0.019999999552965164,23.329999923706055,49.807498931884766,0.019999999552965164,23.329999923706055,49.962501525878906,0.023000000044703484,23.790000915527344,49.502498626708984,0.017999999225139618,23.25,49.64500045776367,0.01899999938905239,23.309999465942383,70146400,425000,4819900
2019-04-16,48.015621185302734,0.01899999938905239,23.530000686645508,49.8125,0.01899999938905239,23.530000686645508,50.342498779296875,0.01899999938905239,23.735000610351562,49.63999938964844,0.01899999938905239,23.299999237060547,49.8650016784668,0.01899999938905239,23.420000076293945,102785600,300000,4521700
2019-04-17,48.95064163208008,0.017999999225139618,23.260000228881836,50.782501220703125,0.017999999225139618,23.260000228881836,50.845001220703125,0.019999999552965164,23.540000915527344,49.65250015258789,0.017999999225139618,23.149999618530273,49.8849983215332,0.019999999552965164,23.530000686645508,115627200,30002,1770300
2019-04-18,49.12656021118164,0.017999999225139618,23.15999984741211,50.96500015258789,0.017999999225139618,23.15999984741211,51.037498474121094,0.017999999225139618,23.3700008392334,50.630001068115234,0.01600000075995922,23.010000228881836,50.779998779296875,0.01600000075995922,23.25,96783200,421620,2632100
2019-04-22,49.28801345825195,0.019999999552965164,23.209999084472656,51.13249969482422,0.019999999552965164,23.209999084472656,51.23500061035156,0.023000000044703484,23.280000686645508,50.584999084472656,0.01899999938905239,23.030000686645508,50.70750045776367,0.01899999938905239,23.049999237060547,77758000,235948,1859900
2019-04-23,49.99890899658203,0.01600000075995922,23.200000762939453,51.869998931884766,0.01600000075995922,23.200000762939453,51.9375,0.024000000208616257,23.40999984741211,50.974998474121094,0.01600000075995922,22.889999389648438,51.10749816894531,0.02250000089406967,23.209999084472656,93292000,398300,3193000
2019-04-24,49.92179489135742,0.01600000075995922,23.25,51.790000915527344,0.01600000075995922,23.25,52.119998931884766,0.017999999225139618,23.450000762939453,51.76250076293945,0.01600000075995922,23.170000076293945,51.84000015258789,0.01600000075995922,23.209999084472656,70162400,530000,2519000
2019-04-25,49.468746185302734,0.01600000075995922,23.290000915527344,51.31999969482422,0.01600000075995922,23.290000915527344,51.939998626708984,0.01600000075995922,23.68000030517578,51.279998779296875,0.01600000075995922,23.280000686645508,51.70750045776367,0.01600000075995922,23.479999542236328,74172800,100000,3122400
2019-04-26,49.23258590698242,0.01549999974668026,23.31999969482422,51.07500076293945,0.01549999974668026,23.31999969482422,51.25,0.017999999225139618,23.5,50.529998779296875,0.01549999974668026,23.170000076293945,51.224998474121094,0.017999999225139618,23.399999618530273,74596400,363804,3084200
2019-04-29,49.30728530883789,0.01720000058412552,23.65999984741211,51.15250015258789,0.01720000058412552,23.65999984741211,51.49250030517578,0.01720000058412552,23.770000457763672,50.96500015258789,0.01720000058412552,23.1299991607666,51.099998474121094,0.01720000058412552,23.329999923706055,88818800,340,3780000
2019-04-30,48.357818603515625,0.012500000186264515,23.559999465942383,50.16749954223633,0.012500000186264515,23.559999465942383,50.849998474121094,0.012500000186264515,24.049999237060547,49.77750015258789,0.012000000104308128,23.200000762939453,50.76499938964844,0.01209999993443489,23.6299991607666,186139600,291002,4735600
2019-05-01,50.73149490356445,0.01489999983459711,23.190000534057617,52.630001068115234,0.01489999983459711,23.190000534057617,53.82749938964844,0.015399999916553497,23.700000762939453,52.307498931884766,0.013000000268220901,23.15999984741211,52.470001220703125,0.013000000268220901,23.649999618530273,259309200,53000,2624700
2019-05-02,50.40134811401367,0.014999999664723873,22.950000762939453,52.287498474121094,0.014999999664723873,22.950000762939453,53.162498474121094,0.017799999564886093,23.309999465942383,52.032501220703125,0.01209999993443489,22.790000915527344,52.459999084472656,0.014000000432133675,23.209999084472656,127985200,532200,4105100
2019-05-03,51.02790451049805,0.017999999225139618,24.5,52.9375,0.017999999225139618,24.5,52.959999084472656,0.024000000208616257,24.65999984741211,52.557498931884766,0.015799999237060547,23.200000762939453,52.72249984741211,0.016450000926852226,23.200000762939453,83569600,634570,8014400
2019-05-06,50.23988723754883,0.017100000753998756,24.469999313354492,52.119998931884766,0.017100000753998756,24.469999313354492,52.209999084472656,0.017100000753998756,24.579999923706055,50.875,0.017100000753998756,23.729999542236328,51.0724983215332,0.017100000753998756,23.729999542236328,129772400,90000,4395100
2019-05-07,48.88557434082031,0.017400000244379044,23.950000762939453,50.71500015258789,0.017400000244379044,23.950000762939453,51.85499954223633,0.017400000244379044,24.420000076293945,50.20750045776367,0.017400000244379044,23.670000076293945,51.470001220703125,0.017400000244379044,24.229999542236328,155054800,1374,4034600
2019-05-08,48.89521408081055,0.017000000923871994,24.389999389648438,50.724998474121094,0.017000000923871994,24.389999389648438,51.334999084472656,0.023900000378489494,24.895000457763672,50.4375,0.01510000042617321,23.889999389648438,50.474998474121094,0.023900000378489494,23.989999771118164,105358000,1721576,4489300
2019-05-09,48.369873046875,0.0170499999076128,24.549999237060547,50.18000030517578,0.0170499999076128,24.549999237060547,50.41999816894531,0.0170499999076128,24.56999969482422,49.165000915527344,0.01600000075995922,23.68000030517578,50.099998474121094,0.016100000590085983,24.1299991607666,139634400,15601,3600600
2019-05-10,47.69978332519531,0.017500000074505806,24.530000686645508,49.29499816894531,0.017500000074505806,24.530000686645508,49.712501525878906,0.017999999225139618,24.729999542236328,48.192501068115234,0.017000000923871994,24.110000610351562,49.35499954223633,0.01759999990463257,24.329999923706055,164834800,143214,3159700
2019-05-13,44.927490234375,0.01600000075995922,23.399999618530273,46.43000030517578,0.01600000075995922,23.399999618530273,47.369998931884766,0.016100000590085983,24.18000030517578,45.712501525878906,0.01600000075995922,23.399999618530273,46.9275016784668,0.016100000590085983,24.030000686645508,229722400,120000,5610400
2019-05-14,45.63871383666992,0.019999999552965164,23.579999923706055,47.165000915527344,0.019999999552965164,23.579999923706055,47.42499923706055,0.019999999552965164,23.920000076293945,46.352500915527344,0.014999999664723873,23.399999618530273,46.602500915527344,0.01510000042617321,23.59000015258789,146118800,373524,4947500
2019-05-15,46.18541717529297,0.02500000037252903,24.020000457763672,47.72999954223633,0.02500000037252903,24.020000457763672,47.9375,0.02500000037252903,24.114999771118164,46.505001068115234,0.01850000023841858,23.219999313354492,46.567501068115234,0.01850000023841858,23.3799991607666,106178800,224227,3608900
2019-05-16,45.98222732543945,0.018799999728798866,24.309999465942383,47.52000045776367,0.018799999728798866,24.309999465942383,48.11750030517578,0.019999999552965164,24.645000457763672,47.209999084472656,0.018799999728798866,23.93000030517578,47.477500915527344,0.019999999552965164,24.100000381469727,132125600,91000,3788900
2019-05-17,45.7209587097168,0.02500000037252903,24.600000381469727,47.25,0.02500000037252903,24.600000381469727,47.724998474121094,0.02500000037252903,24.690000534057617,46.689998626708984,0.020999999716877937,24.15999984741211,46.73249816894531,0.020999999716877937,24.190000534057617,131516400,65300,3096900
2019-05-20,44.29126739501953,0.026000000536441803,24.260000228881836,45.772499084472656,0.026000000536441803,24.260000228881836,46.087501525878906,0.026000000536441803,24.59000015258789,45.06999969482422,0.02199999988079071,23.790000915527344,45.880001068115234,0.02199999988079071,24.530000686645508,154449200,108538,4443100
2019-05-21,45.1403694152832,0.026000000536441803,25.010000228881836,46.650001525878906,0.026000000536441803,25.010000228881836,47.0,0.026000000536441803,25.075000762939453,46.17499923706055,0.026000000536441803,24.43000030517578,46.30500030517578,0.026000000536441803,24.440000534057617,113459200,0,3148900
2019-05-22,44.216270446777344,0.03999999910593033,24.780000686645508,45.69499969482422,0.03999999910593033,24.780000686645508,46.4275016784668,0.03999999910593033,25.139999389648438,45.63750076293945,0.023000000044703484,24.729999542236328,46.165000915527344,0.023000000044703484,25.0,118994400,1312103,2668400
2019-05-23,43.46152877807617,0.03999999910593033,24.489999771118164,44.915000915527344,0.03999999910593033,24.489999771118164,45.1349983215332,0.03999999910593033,24.6299991607666,44.45249938964844,0.03500000014901161,24.190000534057617,44.95000076293945,0.03500000014901161,24.5,146118800,8546,2444800
2019-05-24,43.29460144042969,0.03700000047683716,24.399999618530273,44.74250030517578,0.03700000047683716,24.399999618530273,45.53499984741211,0.03999999910593033,24.889999389648438,44.654998779296875,0.029999999329447746,24.3799991607666,45.04999923706055,0.03999999910593033,24.700000762939453,94858800,123600,2518800
2019-05-28,43.1156005859375,0.03449999913573265,24.170000076293945,44.557498931884766,0.03449999913573265,24.170000076293945,45.147499084472656,0.03799999877810478,24.700000762939453,44.477500915527344,0.03449999913573265,24.079999923706055,44.72999954223633,0.03799999877810478,24.479999542236328,111792800,19250,12038800
2019-05-29,42.909969329833984,0.03550000116229057,24.139999389648438,44.345001220703125,0.03550000116229057,24.139999389648438,44.837501525878906,0.039000000804662704,24.329999923706055,44.0,0.03200000151991844,24.0,44.10499954223633,0.032999999821186066,24.09000015258789,113924800,277879,3867400
2019-05-30,43.13251876831055,0.035999998450279236,24.030000686645508,44.57500076293945,0.035999998450279236,24.030000686645508,44.807498931884766,0.036400001496076584,24.510000228881836,44.16749954223633,0.03200000151991844,23.940000534057617,44.48749923706055,0.035750001668930054,24.209999084472656,84873600,485608,2559200
2019-05-31,42.35116195678711,0.035999998450279236,23.489999771118164,43.76750183105469,0.035999998450279236,23.489999771118164,44.497501373291016,0.035999998450279236,23.8799991607666,43.747501373291016,0.028850000351667404,23.40999984741211,44.057498931884766,0.03400000184774399,23.670000076293945,108174400,582810,4647000
2019-06-03,41.92298126220703,0.03700000047683716,24.110000610351562,43.32500076293945,0.03700000047683716,24.110000610351562,44.47999954223633,0.03700000047683716,24.184999465942383,42.567501068115234,0.029999999329447746,23.40999984741211,43.900001525878906,0.03500000014901161,23.479999542236328,161584400,401799,4160900
2019-06-04,43.45668411254883,0.03700000047683716,24.799999237060547,44.90999984741211,0.03700000047683716,24.799999237060547,44.95750045776367,0.03700000047683716,24.920000076293945,43.630001068115234,0.03099999949336052,24.459999084472656,43.86000061035156,0.03099999949336052,24.5,123872000,529530,2583400
2019-06-05,44.158226013183594,0.032999999821186066,24.6200008392334,45.6349983215332,0.032999999821186066,24.6200008392334,46.247501373291016,0.03750000149011612,24.90999984741211,45.28499984741211,0.029999999329447746,24.55500030517578,46.06999969482422,0.03750000149011612,24.899999618530273,119093600,359800,3243100
2019-06-06,44.80653762817383,0.029999999329447746,25.030000686645508,46.30500030517578,0.029999999329447746,25.030000686645508,46.36750030517578,0.032999999821186066,25.149999618530273,45.537498474121094,0.02810000069439411,24.709999084472656,45.77000045776367,0.032999999821186066,24.770000457763672,90105200,219397,4841800
2019-06-07,45.9991569519043,0.029999999329447746,24.709999084472656,47.537498474121094,0.029999999329447746,24.709999084472656,47.97999954223633,0.029999999329447746,24.899999618530273,46.442501068115234,0.029999999329447746,24.010000228881836,46.627498626708984,0.029999999329447746,24.299999237060547,122737600,0,13510900
2019-06-10,46.586997985839844,0.023000000044703484,24.739999771118164,48.14500045776367,0.023000000044703484,24.739999771118164,48.842498779296875,0.028999999165534973,25.0,47.904998779296875,0.023000000044703484,24.604999542236328,47.95249938964844,0.02800000086426735,24.989999771118164,104883600,303094,8672600
2019-06-11,47.12645721435547,0.02199999988079071,24.399999618530273,48.70249938964844,0.02199999988079071,24.399999618530273,49.0,0.024900000542402267,24.860000610351562,48.400001525878906,0.02199999988079071,23.84000015258789,48.71500015258789,0.02319999970495701,24.739999771118164,107731600,123000,10354600
2019-06-12,46.97646713256836,0.019999999552965164,23.43000030517578,48.54750061035156,0.019999999552965164,23.43000030517578,48.99250030517578,0.026900000870227814,24.479999542236328,48.34749984741211,0.018400000408291817,23.329999923706055,48.48749923706055,0.026900000870227814,24.420000076293945,73012800,1454375,8896300
2019-06-13,46.966793060302734,0.024900000542402267,23.65999984741211,48.537498474121094,0.024900000542402267,23.65999984741211,49.1974983215332,0.024900000542402267,24.010000228881836,48.400001525878906,0.019999999552965164,23.530000686645508,48.67499923706055,0.019999999552965164,23.6299991607666,86698400,333500,5271800
2019-06-14,46.62570571899414,0.024900000542402267,23.799999237060547,48.185001373291016,0.024900000542402267,23.799999237060547,48.397499084472656,0.024900000542402267,23.989999771118164,47.57500076293945,0.024900000542402267,23.25,47.88750076293945,0.024900000542402267,23.649999618530273,75046000,0,4264800
2019-06-17,46.90389633178711,0.024900000542402267,23.260000228881836,48.47249984741211,0.024900000542402267,23.260000228881836,48.7400016784668,0.024900000542402267,23.53499984741211,48.04249954223633,0.024900000542402267,22.829999923706055,48.224998474121094,0.024900000542402267,23.0,58676400,0,5256900
2019-06-18,48.00701904296875,0.02199999988079071,23.850000381469727,49.61249923706055,0.02199999988079071,23.850000381469727,50.0724983215332,0.02800000086426735,24.040000915527344,48.8025016784668,0.020999999716877937,23.459999084472656,49.01250076293945,0.02449999935925007,23.520000457763672,106204000,238314,6919200
2019-06-19,47.866703033447266,0.02500000037252903,24.059999465942383,49.467498779296875,0.02500000037252903,24.059999465942383,49.970001220703125,0.02500000037252903,24.100000381469727,49.32749938964844,0.020400000736117363,23.59000015258789,49.91999816894531,0.021719999611377716,23.889999389648438,84496800,82272,5172300
2019-06-20,48.251338958740234,0.022849999368190765,23.90999984741211,49.8650016784668,0.022849999368190765,23.90999984741211,50.15250015258789,0.02500000037252903,24.440000534057617,49.50749969482422,0.020999999716877937,23.864999771118164,50.092498779296875,0.024000000208616257,24.360000610351562,86056000,231500,3855300
2019-06-21,48.08684158325195,0.02199999988079071,23.350000381469727,49.69499969482422,0.02199999988079071,23.350000381469727,50.212501525878906,0.022299999371170998,23.850000381469727,49.537498474121094,0.02199999988079071,23.329999923706055,49.70000076293945,0.02199999988079071,23.6299991607666,191202400,88952,4140000
2019-06-24,48.038455963134766,0.021199999377131462,23.3700008392334,49.64500045776367,0.021199999377131462,23.3700008392334,50.040000915527344,0.023000000044703484,23.6299991607666,49.54249954223633,0.018400000408291817,23.229999542236328,49.6349983215332,0.023000000044703484,23.440000534057617,72881600,227500,3522600
2019-06-25,47.31031036376953,0.02070000022649765,23.5,48.89250183105469,0.02070000022649765,23.5,49.814998626708984,0.02070000022649765,23.65999984741211,48.8224983215332,0.020349999889731407,23.139999389648438,49.60749816894531,0.020349999889731407,23.270000457763672,84281200,19800,4839000
2019-06-26,48.333580017089844,0.023089999333024025,23.549999237060547,49.95000076293945,0.023089999333024025,23.549999237060547,50.247501373291016,0.023089999333024025,23.71500015258789,49.337501525878906,0.019099999219179153,23.364999771118164,49.442501068115234,0.019099999219179153,23.56999969482422,104270000,19800,3325800
2019-06-27,48.31907653808594,0.019999999552965164,24.06999969482422,49.935001373291016,0.019999999552965164,24.06999969482422,50.39250183105469,0.0215000007301569,24.079999923706055,49.89250183105469,0.018549999222159386,23.450000762939453,50.0724983215332,0.0215000007301569,23.540000915527344,83598800,128000,4504500
2019-06-28,47.8787956237793,0.017000000923871994,24.350000381469727,49.47999954223633,0.017000000923871994,24.350000381469727,49.875,0.019999999552965164,24.5,49.26250076293945,0.013100000098347664,23.989999771118164,49.66999816894531,0.014800000004470348,24.15999984741211,124442400,439534,23134200
2019-07-01,48.75693130493164,0.016349999234080315,24.229999542236328,50.38750076293945,0.016349999234080315,24.229999542236328,51.122501373291016,0.01730000041425228,24.68000030517578,50.162498474121094,0.016349999234080315,24.020000457763672,50.79249954223633,0.01730000041425228,24.5,109012000,12400,4876300
2019-07-02,49.04237365722656,0.016499999910593033,24.68000030517578,50.682498931884766,0.016499999910593033,24.68000030517578,50.782501220703125,0.016499999910593033,24.790000915527344,50.34000015258789,0.016499999910593033,24.100000381469727,50.352500915527344,0.016499999910593033,24.260000228881836,67740800,152862,6919700
2019-07-03,49.44879150390625,0.015200000256299973,24.780000686645508,51.102500915527344,0.015200000256299973,24.780000686645508,51.11000061035156,0.01600000075995922,24.989999771118164,50.67250061035156,0.015200000256299973,24.530000686645508,50.81999969482422,0.01600000075995922,24.809999465942383,45448000,80000,2795200
2019-07-05,49.40523910522461,0.015699999406933784,24.639999389648438,51.057498931884766,0.015699999406933784,24.639999389648438,51.27000045776367,0.015799999237060547,24.790000915527344,50.724998474121094,0.013399999588727951,24.46500015258789,50.837501525878906,0.013399999588727951,24.600000381469727,69062000,155500,2576400
2019-07-08,48.386802673339844,0.015699999406933784,24.43000030517578,50.005001068115234,0.015699999406933784,24.43000030517578,50.349998474121094,0.015699999406933784,24.65999984741211,49.602500915527344,0.015699999406933784,24.329999923706055,50.20249938964844,0.015699999406933784,24.469999313354492,101354400,0,2938000
2019-07-09,48.681941986083984,0.014999999664723873,24.59000015258789,50.310001373291016,0.014999999664723873,24.59000015258789,50.377498626708984,0.016699999570846558,24.739999771118164,49.70249938964844,0.014100000262260437,24.249000549316406,49.79999923706055,0.016699999570846558,24.299999237060547,82312000,88150,2968700
2019-07-10,49.16334533691406,0.014999999664723873,25.079999923706055,50.807498931884766,0.014999999664723873,25.079999923706055,50.932498931884766,0.014999999664723873,25.135000228881836,50.38999938964844,0.014999999664723873,24.709999084472656,50.462501525878906,0.014999999664723873,24.709999084472656,71588400,60000,5149900
2019-07-11,48.80531692504883,0.013000000268220901,25.43000030517578,50.4375,0.013000000268220901,25.43000030517578,51.09749984741211,0.013299999758601189,25.459999084472656,50.4275016784668,0.013000000268220901,25.079999923706055,50.82749938964844,0.013299999758601189,25.149999618530273,80767200,65000,4679900
2019-07-12,49.180267333984375,0.013100000098347664,25.8700008392334,50.82500076293945,0.013100000098347664,25.8700008392334,51.0,0.015549999661743641,26.110000610351562,50.54999923706055,0.013100000098347664,25.43000030517578,50.61249923706055,0.014999999664723873,25.5,70380800,90600,3872100
2019-07-15,49.64232635498047,0.012600000016391277,25.8799991607666,51.3025016784668,0.012600000016391277,25.8799991607666,51.467498779296875,0.020999999716877937,26.010000228881836,51.0,0.01131999958306551,25.68000030517578,51.022499084472656,0.016200000420212746,25.969999313354492,67789600,138316,3112600
2019-07-16,49.47056579589844,0.009999999776482582,25.670000076293945,51.125,0.009999999776482582,25.670000076293945,51.52750015258789,0.014999999664723873,26.059999465942383,50.875,0.009999999776482582,25.670000076293945,51.147499084472656,0.010999999940395355,25.850000381469727,67467200,415314,4042100
2019-07-17,49.19236755371094,0.014700000174343586,25.799999237060547,50.837501525878906,0.014700000174343586,25.799999237060547,51.272499084472656,0.014700000174343586,26.0049991607666,50.817501068115234,0.010089999996125698,25.584999084472656,51.01250076293945,0.01119999960064888,25.81999969482422,56430000,392922,5021600
2019-07-18,49.75117874145508,0.014999999664723873,25.700000762939453,51.415000915527344,0.014999999664723873,25.700000762939453,51.470001220703125,0.017999999225139618,25.790000915527344,50.92499923706055,0.011599999852478504,25.329999923706055,51.0,0.014299999922513962,25.709999084472656,74162400,983614,3897900
2019-07-19,49.00851821899414,0.015949999913573265,25.479999542236328,50.647499084472656,0.015949999913573265,25.479999542236328,51.625,0.019999999552965164,25.8799991607666,50.59000015258789,0.014999999664723873,25.479999542236328,51.4474983215332,0.014999999664723873,25.700000762939453,83717200,561000,2853200
2019-07-22,50.128562927246094,0.01549999974668026,25.700000762939453,51.80500030517578,0.01549999974668026,25.700000762939453,51.807498931884766,0.019999999552965164,25.729999542236328,50.90250015258789,0.014999999664723873,25.15999984741211,50.912498474121094,0.014999999664723873,25.56999969482422,89111600,266686,3914100
2019-07-23,50.52045440673828,0.014999999664723873,25.709999084472656,52.209999084472656,0.014999999664723873,25.709999084472656,52.227500915527344,0.01549999974668026,25.89699935913086,51.8224983215332,0.014999999664723873,25.5,52.1150016784668,0.01549999974668026,25.700000762939453,73420800,476700,3664800
2019-07-24,50.47933578491211,0.012000000104308128,26.1200008392334,52.16749954223633,0.012000000104308128,26.1200008392334,52.287498474121094,0.014999999664723873,26.2450008392334,51.79249954223633,0.012000000104308128,25.530000686645508,51.91749954223633,0.014999999664723873,25.709999084472656,59966400,524166,6853000
2019-07-25,50.08018112182617,0.012000000104308128,25.84000015258789,51.755001068115234,0.012000000104308128,25.84000015258789,52.310001373291016,0.014399999752640724,26.399999618530273,51.682498931884766,0.008100000210106373,25.84000015258789,52.22249984741211,0.010999999940395355,26.0,55638400,477058,3532500
2019-07-26,50.25435256958008,0.012000000104308128,26.420000076293945,51.935001373291016,0.012000000104308128,26.420000076293945,52.432498931884766,0.012000000104308128,26.43000030517578,51.78499984741211,0.012000000104308128,25.575000762939453,51.869998931884766,0.012000000104308128,25.75,70475600,0,3797800
2019-07-29,50.723655700683594,0.011099999770522118,26.15999984741211,52.41999816894531,0.011099999770522118,26.15999984741211,52.65999984741211,0.01489999983459711,26.559999465942383,52.11000061035156,0.009499999694526196,26.079999923706055,52.1150016784668,0.009499999694526196,26.459999084472656,86693600,141500,3709900
2019-07-30,50.50593948364258,0.009999999776482582,26.1200008392334,52.19499969482422,0.009999999776482582,26.1200008392334,52.540000915527344,0.010400000028312206,26.34000015258789,51.82749938964844,0.009999999776482582,25.864999771118164,52.189998626708984,0.009999999776482582,26.0,135742800,26800,2534800
2019-07-31,51.53647994995117,0.009999999776482582,25.809999465942383,53.2599983215332,0.009999999776482582,25.809999465942383,55.342498779296875,0.009999999776482582,26.364999771118164,52.82500076293945,0.009999999776482582,25.524999618530273,54.10499954223633,0.009999999776482582,26.170000076293945,277125600,0,4519200
2019-08-01,50.4212646484375,0.013500000350177288,27.139999389648438,52.10749816894531,0.013500000350177288,27.139999389648438,54.50749969482422,0.01489999983459711,27.739999771118164,51.685001373291016,0.012000000104308128,26.899999618530273,53.474998474121094,0.012000000104308128,26.899999618530273,216071600,182900,8458200
2019-08-02,49.35445022583008,0.009999999776482582,26.979999542236328,51.005001068115234,0.009999999776482582,26.979999542236328,51.60749816894531,0.014999999664723873,27.059999465942383,50.407501220703125,0.009999999776482582,26.329999923706055,51.38249969482422,0.01489999983459711,27.0,163448400,290500,6574100
2019-08-05,46.770851135253906,0.012199999764561653,26.229999542236328,48.334999084472656,0.012199999764561653,26.229999542236328,49.662498474121094,0.012199999764561653,26.489999771118164,48.14500045776367,0.009999999776482582,25.790000915527344,49.497501373291016,0.009999999776482582,26.469999313354492,209572000,14125,4811200
2019-08-06,47.65624237060547,0.012199999764561653,26.899999618530273,49.25,0.012199999764561653,26.899999618530273,49.51750183105469,0.012199999764561653,26.940000534057617,48.5099983215332,0.012199999764561653,26.235000610351562,49.07749938964844,0.012199999764561653,26.700000762939453,143299200,0,5148500
2019-08-07,48.14972686767578,0.009999999776482582,26.719999313354492,49.7599983215332,0.009999999776482582,26.719999313354492,49.88999938964844,0.012199999764561653,26.94300079345703,48.45500183105469,0.009549999609589577,26.239999771118164,48.852500915527344,0.011149999685585499,26.489999771118164,133457600,125400,4260400
2019-08-08,49.211708068847656,0.011699999682605267,26.790000915527344,50.85749816894531,0.011699999682605267,26.790000915527344,50.88249969482422,0.012000000104308128,27.485000610351562,49.84749984741211,0.009100000374019146,26.309999465942383,50.04999923706055,0.012000000104308128,26.950000762939453,108038000,185419,7740500
2019-08-09,48.80620193481445,0.011699999682605267,26.84000015258789,50.247501373291016,0.011699999682605267,26.84000015258789,50.689998626708984,0.011699999682605267,27.100000381469727,49.8224983215332,0.011699999682605267,26.665000915527344,50.32500076293945,0.011699999682605267,26.75,98478800,0,3528600
2019-08-12,48.68235397338867,0.010499999858438969,27.020000457763672,50.119998931884766,0.010499999858438969,27.020000457763672,50.51250076293945,0.010499999858438969,27.204999923706055,49.787498474121094,0.009800000116229057,26.334999084472656,49.904998779296875,0.009800000116229057,26.690000534057617,89927600,14000,3340000
2019-08-13,50.74397277832031,0.010499999858438969,26.700000762939453,52.24250030517578,0.010499999858438969,26.700000762939453,53.03499984741211,0.010499999858438969,27.420000076293945,50.119998931884766,0.010499999858438969,26.700000762939453,50.255001068115234,0.010499999858438969,26.93000030517578,188874000,40088,6485500
2019-08-14,49.233577728271484,0.009800000116229057,26.479999542236328,50.6875,0.009800000116229057,26.479999542236328,51.61000061035156,0.010999999940395355,26.770000457763672,50.647499084472656,0.009800000116229057,26.239999771118164,50.790000915527344,0.009999999776482582,26.489999771118164,146189600,158500,4545800
2019-08-15,48.988319396972656,0.010499999858438969,26.899999618530273,50.435001373291016,0.010499999858438969,26.899999618530273,51.28499984741211,0.010900000110268593,27.040000915527344,49.91749954223633,0.00860000029206276,26.18000030517578,50.8650016784668,0.009999999776482582,26.610000610351562,108909600,169600,5423900
2019-08-16,50.14418029785156,0.010499999858438969,26.549999237060547,51.625,0.010499999858438969,26.549999237060547,51.790000915527344,0.010499999858438969,26.75,50.959999084472656,0.010499999858438969,26.149999618530273,51.06999969482422,0.010499999858438969,26.290000915527344,110481600,0,7281400
2019-08-19,51.07907485961914,0.011900000274181366,26.690000534057617,52.587501525878906,0.011900000274181366,26.690000534057617,53.182498931884766,0.011900000274181366,27.09000015258789,52.50749969482422,0.008700000122189522,26.59000015258789,52.654998779296875,0.010499999858438969,26.84000015258789,97654400,25600,3270100
2019-08-20,51.081504821777344,0.011900000274181366,26.969999313354492,52.59000015258789,0.011900000274181366,26.969999313354492,53.337501525878906,0.011900000274181366,27.40999984741211,52.58000183105469,0.011900000274181366,26.584999084472656,52.720001220703125,0.011900000274181366,26.75,107537200,10000,5362500
2019-08-21,51.63514709472656,0.011900000274181366,27.270000457763672,53.15999984741211,0.011900000274181366,27.270000457763672,53.412498474121094,0.011900000274181366,27.440000534057617,52.900001525878906,0.011900000274181366,27.010000228881836,53.247501373291016,0.011900000274181366,27.170000076293945,86141600,0,2975400
2019-08-22,51.59144973754883,0.012000000104308128,27.700000762939453,53.1150016784668,0.012000000104308128,27.700000762939453,53.61000061035156,0.012000000104308128,27.809999465942383,52.6875,0.009100000374019146,27.280000686645508,53.29750061035156,0.009100000374019146,27.280000686645508,89014800,35000,3838200
2019-08-23,49.20685958862305,0.011900000274181366,27.450000762939453,50.65999984741211,0.011900000274181366,27.450000762939453,53.01250076293945,0.011900000274181366,28.010000228881836,50.25,0.011900000274181366,27.3700008392334,52.35749816894531,0.011900000274181366,27.670000076293945,187272000,15000,5827300
2019-08-26,50.14175796508789,0.011900000274181366,27.850000381469727,51.622501373291016,0.011900000274181366,27.850000381469727,51.79750061035156,0.011900000274181366,27.920000076293945,51.26499938964844,0.011900000274181366,27.469999313354492,51.46500015258789,0.011900000274181366,27.5,104174400,0,3166300
2019-08-27,49.57596969604492,0.011300000362098217,28.65999984741211,51.040000915527344,0.011300000362098217,28.65999984741211,52.13750076293945,0.011300000362098217,28.709999084472656,50.88249969482422,0.00930000003427267,27.920000076293945,51.96500015258789,0.00930000003427267,28.0,103493200,94208,8053000
2019-08-28,49.90864562988281,0.011699999682605267,28.479999542236328,51.38249969482422,0.011699999682605267,28.479999542236328,51.43000030517578,0.011699999682605267,28.670000076293945,50.83000183105469,0.009999999776482582,28.31999969482422,51.025001525878906,0.009999999776482582,28.65999984741211,63755200,63900,5221600
2019-08-29,50.75368118286133,0.009999999776482582,28.8700008392334,52.252498626708984,0.009999999776482582,28.8700008392334,52.33000183105469,0.009999999776482582,29.049999237060547,51.665000915527344,0.009999999776482582,28.649999618530273,52.125,0.009999999776482582,28.649999618530273,83962000,50000,2726500
2019-08-30,50.688114166259766,0.012199999764561653,28.8799991607666,52.185001373291016,0.012199999764561653,28.8799991607666,52.61249923706055,0.012199999764561653,29.110000610351562,51.79999923706055,0.012199999764561653,28.670000076293945,52.540000915527344,0.012199999764561653,29.0,84573600,19700,4355800
2019-09-03,49.949920654296875,0.010999999940395355,28.649999618530273,51.42499923706055,0.010999999940395355,28.649999618530273,51.744998931884766,0.010999999940395355,28.969999313354492,51.05500030517578,0.010999999940395355,28.510000228881836,51.60749816894531,0.010999999940395355,28.739999771118164,80092000,51190,3770300
2019-09-04,50.79738998413086,0.010999999940395355,29.0,52.29750061035156,0.010999999940395355,29.0,52.369998931884766,0.010999999940395355,29.0,51.83000183105469,0.010999999940395355,28.40999984741211,52.09749984741211,0.010999999940395355,28.40999984741211,76752400,0,5260900
2019-09-05,51.790565490722656,0.012900000438094139,29.540000915527344,53.31999969482422,0.012900000438094139,29.540000915527344,53.49250030517578,0.012900000438094139,29.889999389648438,52.877498626708984,0.009999999776482582,29.09000015258789,53.0,0.010099999606609344,29.290000915527344,95654800,120000,6199600
2019-09-06,51.78570556640625,0.013000000268220901,29.149999618530273,53.314998626708984,0.013000000268220901,29.149999618530273,53.60499954223633,0.013000000268220901,29.850000381469727,53.127498626708984,0.009999999776482582,29.100000381469727,53.51250076293945,0.011950000189244747,29.59000015258789,77449200,291000,3832200
2019-09-09,52.006683349609375,0.01600000075995922,28.43000030517578,53.54249954223633,0.01600000075995922,28.43000030517578,54.11000061035156,0.01600000075995922,29.459999084472656,52.76750183105469,0.014999999664723873,28.329999923706055,53.709999084472656,0.014999999664723873,29.459999084472656,109237600,20000,7028500
2019-09-10,52.62104034423828,0.012000000104308128,28.790000915527344,54.17499923706055,0.012000000104308128,28.790000915527344,54.19499969482422,0.01600000075995922,29.34000015258789,52.9275016784668,0.012000000104308128,28.1200008392334,53.46500015258789,0.01600000075995922,28.350000381469727,127111600,167000,5076800
2019-09-11,54.29413604736328,0.01119999960064888,28.889999389648438,55.897499084472656,0.01119999960064888,28.889999389648438,55.9275016784668,0.014999999664723873,29.010000228881836,54.432498931884766,0.01119999960064888,28.010000228881836,54.51750183105469,0.014999999664723873,28.280000686645508,177158400,187840,15348400
2019-09-12,54.17272186279297,0.010950000025331974,29.06999969482422,55.772499084472656,0.010950000025331974,29.06999969482422,56.60499954223633,0.010999999940395355,29.280000686645508,55.71500015258789,0.010099999606609344,28.969999313354492,56.20000076293945,0.010099999606609344,29.010000228881836,128906800,116000,4024200
2019-09-13,53.11883544921875,0.012000000104308128,29.399999618530273,54.6875,0.012000000104308128,29.399999618530273,55.1974983215332,0.014000000432133675,29.56999969482422,54.255001068115234,0.009999999776482582,29.100000381469727,55.0,0.012500000186264515,29.100000381469727,159053200,514000,10477700
2019-09-16,53.39809799194336,0.010099999606609344,29.600000381469727,54.974998474121094,0.010099999606609344,29.600000381469727,55.032501220703125,0.010099999606609344,29.84000015258789,54.38999938964844,0.010099999606609344,29.280000686645508,54.432498931884766,0.010099999606609344,29.510000228881836,84632400,20000,6452600
2019-09-17,53.59235382080078,0.009999999776482582,29.479999542236328,55.17499923706055,0.009999999776482582,29.479999542236328,55.20500183105469,0.011699999682605267,29.68000030517578,54.779998779296875,0.009999999776482582,29.334999084472656,54.9900016784668,0.010010000318288803,29.56999969482422,73274800,41778,3811000
2019-09-18,54.09500503540039,0.009999999776482582,29.889999389648438,55.692501068115234,0.009999999776482582,29.889999389648438,55.712501525878906,0.009999999776482582,29.96500015258789,54.86000061035156,0.009100000374019146,29.399999618530273,55.26499938964844,0.009100000374019146,29.530000686645508,101360000,92580,5161700
2019-09-19,53.65549087524414,0.010999999940395355,29.729999542236328,55.2400016784668,0.010999999940395355,29.729999542236328,55.939998626708984,0.010999999940395355,30.344999313354492,55.092498779296875,0.009999999776482582,29.709999084472656,55.502498626708984,0.010010000318288803,29.799999237060547,88242400,160000,4675600
2019-09-20,52.87114715576172,0.010499999858438969,29.34000015258789,54.432498931884766,0.010499999858438969,29.34000015258789,55.63999938964844,0.010499999858438969,29.899999618530273,54.36750030517578,0.009999999776482582,29.219999313354492,55.345001220703125,0.010499999858438969,29.709999084472656,221652400,81000,14849300
2019-09-23,53.11155700683594,0.009999999776482582,29.139999389648438,54.68000030517578,0.009999999776482582,29.139999389648438,54.959999084472656,0.01080000028014183,29.6299991607666,54.412498474121094,0.009999999776482582,29.100000381469727,54.73749923706055,0.009999999776482582,29.450000762939453,76662000,115000,2200000
2019-09-24,52.8590087890625,0.009999999776482582,29.010000228881836,54.41999816894531,0.009999999776482582,29.010000228881836,55.622501373291016,0.011599999852478504,29.389999389648438,54.29750061035156,0.009999999776482582,28.920000076293945,55.25749969482422,0.011599999852478504,29.219999313354492,124763200,105000,3340300
2019-09-25,53.67250061035156,0.010350000113248825,29.299999237060547,55.25749969482422,0.010350000113248825,29.299999237060547,55.375,0.010350000113248825,29.34000015258789,54.28499984741211,0.010350000113248825,28.84000015258789,54.63750076293945,0.010350000113248825,28.959999084472656,87613600,6250,2860800
2019-09-26,53.395660400390625,0.009999999776482582,28.899999618530273,54.97249984741211,0.009999999776482582,28.899999618530273,55.23500061035156,0.010999999940395355,29.360000610351562,54.70750045776367,0.009999999776482582,28.639999389648438,55.0,0.010250000283122063,29.219999313354492,75334000,30000,3985900
2019-09-27,53.13583755493164,0.010999999940395355,28.600000381469727,54.70500183105469,0.010999999940395355,28.600000381469727,55.2400016784668,0.010999999940395355,29.18000030517578,54.31999969482422,0.009399999864399433,28.290000915527344,55.1349983215332,0.009499999694526196,28.969999313354492,101408000,169900,5091800
2019-09-30,54.38640594482422,0.010999999940395355,28.68000030517578,55.99250030517578,0.010999999940395355,28.68000030517578,56.14500045776367,0.010999999940395355,28.834999084472656,55.1974983215332,0.009999999776482582,28.3700008392334,55.224998474121094,0.009999999776482582,28.610000610351562,103909600,91500,3192300
2019-10-01,54.53695297241211,0.014000000432133675,28.309999465942383,56.147499084472656,0.014000000432133675,28.309999465942383,57.05500030517578,0.014000000432133675,28.81999969482422,56.04999923706055,0.010999999940395355,28.239999771118164,56.26750183105469,0.010999999940395355,28.75,139223200,25000,4525000
2019-10-02,53.16983413696289,0.010999999940395355,28.280000686645508,54.7400016784668,0.010999999940395355,28.280000686645508,55.89500045776367,0.010999999940395355,28.6299991607666,54.48249816894531,0.010999999940395355,27.739999771118164,55.76499938964844,0.010999999940395355,28.219999313354492,138449200,50000,4040800
2019-10-03,53.621498107910156,0.01209999993443489,28.809999465942383,55.20500183105469,0.01209999993443489,28.809999465942383,55.2400016784668,0.01209999993443489,28.829999923706055,53.782501220703125,0.010999999940395355,27.959999084472656,54.60749816894531,0.010999999940395355,28.219999313354492,114426000,5900,2644000
2019-10-04,55.12461471557617,0.01209999993443489,28.8799991607666,56.752498626708984,0.01209999993443489,28.8799991607666,56.872501373291016,0.01209999993443489,29.274999618530273,55.97249984741211,0.01209999993443489,28.780000686645508,56.40999984741211,0.01209999993443489,28.90999984741211,138478800,0,2804800
2019-10-07,55.136741638183594,0.010999999940395355,29.209999084472656,56.76499938964844,0.010999999940395355,29.209999084472656,57.48249816894531,0.01143999956548214,29.475000381469727,56.459999084472656,0.010999999940395355,28.649999618530273,56.567501068115234,0.01143999956548214,28.75,122306000,25591,4654900
2019-10-08,54.49082565307617,0.010999999940395355,29.0,56.099998474121094,0.010999999940395355,29.0,57.01499938964844,0.010999999940395355,29.25,56.08250045776367,0.010999999940395355,28.84000015258789,56.45500183105469,0.010999999940395355,29.139999389648438,111820000,0,3042200
2019-10-09,55.12946701049805,0.009999999776482582,28.93000030517578,56.75749969482422,0.009999999776482582,28.93000030517578,56.9474983215332,0.009999999776482582,29.25,56.40999984741211,0.008999999612569809,28.649999618530273,56.75749969482422,0.008999999612569809,29.25,74770400,73400,3817900
2019-10-10,55.87250900268555,0.012000000104308128,28.25,57.522499084472656,0.012000000104308128,28.25,57.61000061035156,0.012000000104308128,28.8799991607666,56.82500076293945,0.010999999940395355,28.209999084472656,56.98249816894531,0.010999999940395355,28.780000686645508,113013600,21000,7343300
2019-10-11,57.35863494873047,0.012000000104308128,28.079999923706055,59.0525016784668,0.012000000104308128,28.079999923706055,59.40999984741211,0.012000000104308128,28.594999313354492,58.07749938964844,0.012000000104308128,27.450000762939453,58.23749923706055,0.012000000104308128,28.5,166795600,83192,7957100
2019-10-14,57.27606964111328,0.01600000075995922,28.329999923706055,58.967498779296875,0.01600000075995922,28.329999923706055,59.532501220703125,0.01899999938905239,28.34000015258789,58.66749954223633,0.009999999776482582,27.780000686645508,58.724998474121094,0.012000000104308128,27.989999771118164,96427600,84353,4582300
2019-10-15,57.14251708984375,0.014999999664723873,28.719999313354492,58.83000183105469,0.014999999664723873,28.719999313354492,59.412498474121094,0.018489999696612358,28.850000381469727,58.720001220703125,0.014999999664723873,28.350000381469727,59.09749984741211,0.018489999696612358,28.459999084472656,87360000,346767,6647700
2019-10-16,56.91182327270508,0.014999999664723873,29.440000534057617,58.592498779296875,0.014999999664723873,29.440000534057617,58.810001373291016,0.014999999664723873,29.610000610351562,58.29999923706055,0.014999999664723873,28.950000762939453,58.342498779296875,0.014999999664723873,29.350000381469727,73903200,0,6276800
2019-10-17,57.13279724121094,0.014050000347197056,29.93000030517578,58.81999969482422,0.014050000347197056,29.93000030517578,59.037498474121094,0.017000000923871994,30.100000381469727,58.380001068115234,0.014050000347197056,29.360000610351562,58.772499084472656,0.017000000923871994,29.389999389648438,67585200,4250,3936600
2019-10-18,57.40719223022461,0.010999999940395355,29.34000015258789,59.102500915527344,0.010999999940395355,29.34000015258789,59.39500045776367,0.013000000268220901,29.989999771118164,58.5724983215332,0.00989999994635582,28.979999542236328,58.647499084472656,0.01205000001937151,29.90999984741211,97433600,123246,3567800
2019-10-21,58.402801513671875,0.014999999664723873,29.31999969482422,60.127498626708984,0.014999999664723873,29.31999969482422,60.247501373291016,0.014999999664723873,29.760000228881836,59.33000183105469,0.014999999664723873,29.25,59.380001068115234,0.014999999664723873,29.360000610351562,87247200,30001,2220800
2019-10-22,58.26924514770508,0.012000000104308128,29.040000915527344,59.9900016784668,0.012000000104308128,29.040000915527344,60.54999923706055,0.012000000104308128,29.46500015258789,59.904998779296875,0.012000000104308128,29.030000686645508,60.290000915527344,0.012000000104308128,29.350000381469727,82293600,2042,2084200
2019-10-23,59.0511474609375,0.010099999606609344,29.139999389648438,60.79499816894531,0.010099999606609344,29.139999389648438,60.810001373291016,0.01355000026524067,29.170000076293945,60.30500030517578,0.010099999606609344,28.719999313354492,60.525001525878906,0.01355000026524067,28.950000762939453,75828800,250800,3671000
2019-10-24,59.148277282714844,0.014999999664723873,29.059999465942383,60.89500045776367,0.014999999664723873,29.059999465942383,61.20000076293945,0.017000000923871994,29.440000534057617,60.45249938964844,0.011479999870061874,29.020000457763672,61.127498626708984,0.011479999870061874,29.25,69275200,628332,3209200
2019-10-25,59.87677001953125,0.014999999664723873,29.940000534057617,61.64500045776367,0.014999999664723873,29.940000534057617,61.682498931884766,0.014999999664723873,30.1299991607666,60.720001220703125,0.012500000186264515,29.139999389648438,60.790000915527344,0.012500000186264515,29.350000381469727,73477200,20433,4417400
2019-10-28,60.47654724121094,0.011300000362098217,29.920000076293945,62.26250076293945,0.011300000362098217,29.920000076293945,62.3125,0.014299999922513962,30.5,61.68000030517578,0.011300000362098217,29.579999923706055,61.85499954223633,0.014299999922513962,29.790000915527344,96572800,161150,4280000
2019-10-29,59.07786560058594,0.009999999776482582,30.31999969482422,60.8224983215332,0.009999999776482582,30.31999969482422,62.4375,0.01080000028014183,30.68000030517578,60.64250183105469,0.009999999776482582,29.809999465942383,62.24250030517578,0.01080000028014183,29.969999313354492,142839600,100100,4123100
2019-10-30,59.07057189941406,0.014999999664723873,30.670000076293945,60.814998626708984,0.014999999664723873,30.670000076293945,61.32500076293945,0.014999999664723873,30.670000076293945,60.3025016784668,0.011099999770522118,30.235000610351562,61.189998626708984,0.011099999770522118,30.440000534057617,124522000,21300,3562600
2019-10-31,60.4061279296875,0.014999999664723873,30.950000762939453,62.189998626708984,0.014999999664723873,30.950000762939453,62.29249954223633,0.014999999664723873,31.15999984741211,59.314998626708984,0.014999999664723873,30.280000686645508,61.810001373291016,0.014999999664723873,30.649999618530273,139162000,0,5542800
2019-11-01,62.12050247192383,0.014999999664723873,31.40999984741211,63.95500183105469,0.014999999664723873,31.40999984741211,63.98249816894531,0.014999999664723873,31.55500030517578,62.290000915527344,0.014999999664723873,30.850000381469727,62.3849983215332,0.014999999664723873,31.049999237060547,151125200,10000,5364200
2019-11-04,62.5284538269043,0.015799999237060547,31.610000610351562,64.375,0.015799999237060547,31.610000610351562,64.4625015258789,0.01600000075995922,31.780000686645508,63.845001220703125,0.012000000104308128,31.299999237060547,64.3324966430664,0.012000000104308128,31.6200008392334,103272000,29763,7027300
2019-11-05,62.43861389160156,0.009999999776482582,31.350000381469727,64.28250122070312,0.009999999776482582,31.350000381469727,64.54750061035156,0.014000000432133675,31.770000457763672,64.08000183105469,0.007499999832361937,31.309999465942383,64.26249694824219,0.014000000432133675,31.6200008392334,79897600,130000,5567300
2019-11-06,62.4653205871582,0.010999999940395355,25.979999542236328,64.30999755859375,0.010999999940395355,25.979999542236328,64.37249755859375,0.010999999940395355,26.770000457763672,63.842498779296875,0.008799999952316284,24.559999465942383,64.19249725341797,0.008799999952316284,25.75,75864400,15500,50551500
2019-11-07,63.186248779296875,0.009999999776482582,26.40999984741211,64.85749816894531,0.009999999776482582,26.40999984741211,65.0875015258789,0.010999999940395355,27.040000915527344,64.52749633789062,0.007000000216066837,25.860000610351562,64.68499755859375,0.008500000461935997,25.979999542236328,94940400,586896,10600200
2019-11-08,63.35918426513672,0.009999999776482582,26.229999542236328,65.03500366210938,0.009999999776482582,26.229999542236328,65.11000061035156,0.010999999940395355,26.65999984741211,64.2125015258789,0.0071000000461936,26.010000228881836,64.67250061035156,0.010999999940395355,26.59000015258789,69986400,208014,4685700
2019-11-11,63.86090087890625,0.009999999776482582,26.780000686645508,65.55000305175781,0.009999999776482582,26.780000686645508,65.61750030517578,0.009999999776482582,26.8799991607666,64.56999969482422,0.009999999776482582,26.06999969482422,64.57499694824219,0.009999999776482582,26.06999969482422,81821200,0,6188600
2019-11-12,63.802452087402344,0.009999999776482582,26.510000228881836,65.48999786376953,0.009999999776482582,26.510000228881836,65.69750213623047,0.009999999776482582,26.860000610351562,65.2300033569336,0.009999999776482582,26.3700008392334,65.38749694824219,0.009999999776482582,26.860000610351562,87388800,300003,5595800
2019-11-13,64.41377258300781,0.009999999776482582,26.829999923706055,66.11750030517578,0.009999999776482582,26.829999923706055,66.19499969482422,0.009999999776482582,27.020000457763672,65.26750183105469,0.007300000172108412,26.389999389648438,65.28250122070312,0.007300000172108412,26.389999389648438,102734400,45000,5631300
2019-11-14,63.968074798583984,0.008999999612569809,26.75,65.66000366210938,0.008999999612569809,26.75,66.22000122070312,0.009999999776482582,27.010000228881836,65.5250015258789,0.0071000000461936,26.475000381469727,65.9375,0.007300000172108412,26.489999771118164,89182800,315778,3067000
2019-11-15,64.72797393798828,0.008999999612569809,26.8799991607666,66.44000244140625,0.008999999612569809,26.8799991607666,66.44499969482422,0.009100000374019146,26.959999084472656,65.75250244140625,0.0071000000461936,26.059999465942383,65.91999816894531,0.009100000374019146,26.920000076293945,100206400,181100,9988600
2019-11-18,65.0543441772461,0.008999999612569809,27.06999969482422,66.7750015258789,0.008999999612569809,27.06999969482422,66.85749816894531,0.008999999612569809,27.530000686645508,66.05750274658203,0.0066999997943639755,26.780000686645508,66.44999694824219,0.0066999997943639755,26.899999618530273,86703200,25000,3322500
2019-11-19,64.85706329345703,0.008999999612569809,26.799999237060547,66.57250213623047,0.008999999612569809,26.799999237060547,67.0,0.008999999612569809,27.219999313354492,66.34750366210938,0.0066999997943639755,26.735000610351562,66.9749984741211,0.0066999997943639755,27.1299991607666,76167200,96600,2456500
2019-11-20,64.10203552246094,0.0066999997943639755,26.850000381469727,65.79750061035156,0.0066999997943639755,26.850000381469727,66.5199966430664,0.0066999997943639755,27.110000610351562,65.0999984741211,0.0066999997943639755,26.709999084472656,66.38500213623047,0.0066999997943639755,26.75,106234400,3000,3082900
2019-11-21,63.814640045166016,0.0066999997943639755,26.489999771118164,65.50250244140625,0.0066999997943639755,26.489999771118164,66.00250244140625,0.0066999997943639755,26.920000076293945,65.29499816894531,0.0066999997943639755,26.139999389648438,65.92250061035156,0.0066999997943639755,26.850000381469727,121395200,0,5550400
2019-11-22,63.75863265991211,0.007499999832361937,26.059999465942383,65.44499969482422,0.007499999832361937,26.059999465942383,65.79499816894531,0.007499999832361937,26.780000686645508,65.20999908447266,0.007000000216066837,25.989999771118164,65.64749908447266,0.007000000216066837,26.610000610351562,65325200,16700,4021400
2019-11-25,64.8765640258789,0.007499999832361937,25.600000381469727,66.59249877929688,0.007499999832361937,25.600000381469727,66.61000061035156,0.007499999832361937,26.1299991607666,65.62999725341797,0.007000000216066837,25.514999389648438,65.67749786376953,0.007000000216066837,26.06999969482422,84020400,16084,3409000
2019-11-26,64.36993408203125,0.007499999832361937,25.780000686645508,66.07250213623047,0.007499999832361937,25.780000686645508,66.79000091552734,0.007499999832361937,25.979999542236328,65.625,0.007499999832361937,25.530000686645508,66.73500061035156,0.007499999832361937,25.65999984741211,105207600,0,3792900
2019-11-27,65.23457336425781,0.006000000052154064,25.809999465942383,66.95999908447266,0.006000000052154064,25.809999465942383,66.99500274658203,0.007000000216066837,25.850000381469727,66.32749938964844,0.004800000227987766,25.299999237060547,66.3949966430664,0.007000000216066837,25.5,65235600,593035,4179200
2019-11-29,65.09087371826172,0.00419999985024333,25.579999923706055,66.8125,0.00419999985024333,25.579999923706055,67.0,0.006000000052154064,25.90999984741211,66.4749984741211,0.00419999985024333,25.579999923706055,66.6500015258789,0.00419999985024333,25.829999923706055,46617600,227836,1162800
2019-12-02,64.33828735351562,0.005100000184029341,25.549999237060547,66.04000091552734,0.005100000184029341,25.549999237060547,67.0625,0.005100000184029341,25.700000762939453,65.86250305175781,0.004100000020116568,25.149999618530273,66.81749725341797,0.004100000020116568,25.540000915527344,94487200,30300,3112100
2019-12-03,63.191139221191406,0.005499999970197678,25.360000610351562,64.86250305175781,0.005499999970197678,25.360000610351562,64.88249969482422,0.005499999970197678,25.670000076293945,64.07250213623047,0.004999999888241291,25.145000457763672,64.57749938964844,0.004999999888241291,25.350000381469727,114430400,85913,2929400
2019-12-04,63.748870849609375,0.005499999970197678,24.920000076293945,65.43499755859375,0.005499999970197678,24.920000076293945,65.82749938964844,0.005499999970197678,25.479999542236328,65.16999816894531,0.004999999888241291,24.649999618530273,65.26750183105469,0.004999999888241291,25.479999542236328,67181600,1050000,5388800
2019-12-05,64.68413543701172,0.00430000014603138,25.329999923706055,66.3949966430664,0.00430000014603138,25.329999923706055,66.47250366210938,0.004999999888241291,25.610000610351562,65.68250274658203,0.00430000014603138,24.829999923706055,65.94750213623047,0.004999999888241291,25.0,74424400,1373464,7274600
2019-12-06,65.93357849121094,0.006500000134110451,26.049999237060547,67.67749786376953,0.006500000134110451,26.049999237060547,67.75,0.006500000134110451,26.18000030517578,66.82499694824219,0.004999999888241291,25.46500015258789,66.87000274658203,0.006300000008195639,25.479999542236328,106075600,190100,7626500
2019-12-09,65.01051330566406,0.007300000172108412,25.719999313354492,66.7300033569336,0.007300000172108412,25.719999313354492,67.69999694824219,0.007300000172108412,26.149999618530273,66.22750091552734,0.006500000134110451,25.600000381469727,67.5,0.006500000134110451,26.040000915527344,128042400,100000,4242500
2019-12-10,65.39043426513672,0.006649999879300594,25.40999984741211,67.12000274658203,0.006649999879300594,25.40999984741211,67.51750183105469,0.006649999879300594,25.790000915527344,66.46499633789062,0.006649999879300594,25.229999542236328,67.1500015258789,0.006649999879300594,25.739999771118164,90420400,20000,3107000
2019-12-11,65.94818878173828,0.006649999879300594,26.100000381469727,67.69249725341797,0.006649999879300594,26.100000381469727,67.7750015258789,0.006649999879300594,26.3799991607666,67.125,0.006649999879300594,25.4950008392334,67.20249938964844,0.006649999879300594,25.6200008392334,78756800,0,5149400
2019-12-12,66.11625671386719,0.004699999932199717,26.43000030517578,67.86499786376953,0.004699999932199717,26.43000030517578,68.13999938964844,0.007300000172108412,26.739999771118164,66.83000183105469,0.004699999932199717,26.040000915527344,66.94499969482422,0.007300000172108412,26.110000610351562,137310400,315944,4854000
2019-12-13,67.01497650146484,0.004699999932199717,26.579999923706055,68.7874984741211,0.004699999932199717,26.579999923706055,68.82499694824219,0.005100000184029341,26.81999969482422,67.73249816894531,0.003700000001117587,26.200000762939453,67.86499786376953,0.004900000058114529,26.3799991607666,133587600,348108,2859700
2019-12-16,68.16213989257812,0.003000000026077032,26.559999465942383,69.96499633789062,0.003000000026077032,26.559999465942383,70.19750213623047,0.004019999876618385,26.93000030517578,69.24500274658203,0.003000000026077032,26.5,69.25,0.003700000001117587,26.600000381469727,128186000,1661700,3035600
2019-12-17,68.29610443115234,0.0029700000304728746,26.290000915527344,70.10250091552734,0.0029700000304728746,26.290000915527344,70.44249725341797,0.0031999999191612005,26.96500015258789,69.69999694824219,0.0027000000700354576,26.229999542236328,69.89250183105469,0.0031999999191612005,26.649999618530273,114158400,20873473,4987600
2019-12-18,68.13292694091797,0.003449999960139394,26.260000228881836,69.93499755859375,0.003449999960139394,26.260000228881836,70.4749984741211,0.006099999882280827,26.600000381469727,69.77999877929688,0.002899999963119626,26.219999313354492,69.94999694824219,0.0031999999191612005,26.229999542236328,116028400,26154056,3300800
2019-12-19,68.20111846923828,0.002460000105202198,26.950000762939453,70.00499725341797,0.002460000105202198,26.950000762939453,70.29499816894531,0.0038999998942017555,27.014999389648438,69.73750305175781,0.002199999988079071,26.219999313354492,69.875,0.0034000000450760126,26.360000610351562,98369200,15630685,6892300
2019-12-20,68.05986022949219,0.0020000000949949026,27.219999313354492,69.86000061035156,0.0020000000949949026,27.219999313354492,70.6624984741211,0.0024999999441206455,27.239999771118164,69.63999938964844,0.0017999999690800905,26.649999618530273,70.55750274658203,0.002400000113993883,27.020000457763672,275978000,34149730,6293400
2019-12-23,69.17047882080078,0.002199999988079071,26.850000381469727,71.0,0.002199999988079071,26.850000381469727,71.0625,0.002400000113993883,27.260000228881836,70.09249877929688,0.0020000000949949026,26.739999771118164,70.13249969482422,0.0020000000949949026,27.110000610351562,98572000,6211605,3570500
2019-12-24,69.23621368408203,0.0026000000070780516,27.040000915527344,71.06749725341797,0.0026000000070780516,27.040000915527344,71.22250366210938,0.0026000000070780516,27.059999465942383,70.7300033569336,0.002099999925121665,26.700000762939453,71.17250061035156,0.002300000051036477,26.860000610351562,48478800,4888530,935600
2019-12-26,70.6098861694336,0.002199999988079071,27.280000686645508,72.47750091552734,0.002199999988079071,27.280000686645508,72.49500274658203,0.0027000000700354576,27.309999465942383,71.17500305175781,0.002099999925121665,26.979999542236328,71.20500183105469,0.0026000000070780516,27.15999984741211,93121200,4304186,894700
2019-12-27,70.58311462402344,0.0020000000949949026,27.149999618530273,72.44999694824219,0.0020000000949949026,27.149999618530273,73.49250030517578,0.0023499999660998583,27.489999771118164,72.02999877929688,0.0019000000320374966,27.1200008392334,72.77999877929688,0.0023499999660998583,27.399999618530273,146266000,7423220,1640100
2019-12-30,71.00202941894531,0.0020000000949949026,27.049999237060547,72.87999725341797,0.0020000000949949026,27.049999237060547,73.17250061035156,0.002199999988079071,27.200000762939453,71.30500030517578,0.0015999999595806003,26.920000076293945,72.36499786376953,0.002199999988079071,27.100000381469727,144114400,1092351,1598700
2019-12-31,71.52081298828125,0.002099999925121665,27.34000015258789,73.4124984741211,0.002099999925121665,27.34000015258789,73.41999816894531,0.002199999988079071,27.399999618530273,72.37999725341797,0.0017999999690800905,26.96500015258789,72.48249816894531,0.002199999988079071,27.010000228881836,100805600,1978724,1955800
2020-01-02,73.15264129638672,0.0013000000035390258,28.100000381469727,75.0875015258789,0.0013000000035390258,28.100000381469727,75.1500015258789,0.0015999999595806003,28.100000381469727,73.79750061035156,0.0012000000569969416,27.280000686645508,74.05999755859375,0.001500000013038516,27.59000015258789,135480400,9709495,3979500
2020-01-03,72.44146728515625,0.00139999995008111,27.850000381469727,74.35749816894531,0.00139999995008111,27.850000381469727,75.1449966430664,0.001500000013038516,28.059999465942383,74.125,0.0012000000569969416,27.71500015258789,74.2874984741211,0.001500000013038516,27.860000610351562,146322800,1894380,4110900
2020-01-06,73.01869201660156,0.00139999995008111,28.18000030517578,74.94999694824219,0.00139999995008111,28.18000030517578,74.98999786376953,0.0019000000320374966,28.34000015258789,73.1875,0.0013000000035390258,27.610000610351562,73.44750213623047,0.001500000013038516,27.700000762939453,118387200,8601152,5425000
2020-01-07,72.67525482177734,0.0015999999595806003,28.600000381469727,74.59750366210938,0.0015999999595806003,28.600000381469727,75.2249984741211,0.0015999999595806003,28.799999237060547,74.37000274658203,0.0013000000035390258,28.15999984741211,74.95999908447266,0.00139999995008111,28.200000762939453,108872000,3382002,4483800
2020-01-08,73.84434509277344,0.0013000000035390258,28.829999923706055,75.79750061035156,0.0013000000035390258,28.829999923706055,76.11000061035156,0.0015999999595806003,29.190000534057617,74.29000091552734,0.0013000000035390258,28.459999084472656,74.29000091552734,0.0015999999595806003,28.459999084472656,132079200,1272118,3520000
2020-01-09,75.41285705566406,0.0013000000035390258,28.770000457763672,77.40750122070312,0.0013000000035390258,28.770000457763672,77.60749816894531,0.0015999999595806003,29.399999618530273,76.55000305175781,0.0010000000474974513,28.68000030517578,76.80999755859375,0.001500000013038516,29.25,170108400,7215775,5061600
2020-01-10,75.5833511352539,0.0013000000035390258,28.049999237060547,77.5824966430664,0.0013000000035390258,28.049999237060547,78.1675033569336,0.0013000000035390258,28.90999984741211,77.0625,0.0010000000474974513,28.030000686645508,77.6500015258789,0.0013000000035390258,28.600000381469727,140644800,3173742,7787700
